tmax,tmin,n,lat,long,region,th_genus_species,sp_id,input_name,phylum,order,class,family,genus,species
35.7,15,NA,18,-64.5,Tropical,Cyprinodon dearborni,GBIF:2347924,Cyprinodon dearborni,Chordata,Cyprinodontiformes,Actinopterygii,Cyprinodontidae,Cyprinodon,dearborni
42.2,NA,7,16.8,-88.1,Tropical,Gambusia yucatana,GBIF:2350647,Gambusia yucatana,Chordata,Cyprinodontiformes,Actinopterygii,Poeciliidae,Gambusia,yucatana
39.6,11.9,NA,2.96,-78.2,Tropical,Bathygobius ramosus,GBIF:2377072,Bathygobius ramosus,Chordata,Perciformes,Actinopterygii,Gobiidae,Bathygobius,ramosus
38,12.4,NA,2.96,-78.2,Tropical,Eucinostomus gracilis,GBIF:2369476,Eucinostomus gracilis,Chordata,Perciformes,Actinopterygii,Gerreidae,Eucinostomus,gracilis
38.2,12.5,NA,2.96,-78.2,Tropical,Malacoctenus zonifer,GBIF:2389494,Malacoctenus zonifer,Chordata,Perciformes,Actinopterygii,Labrisomidae,Malacoctenus,zonifer
36,16.3,NA,2.96,-78.2,Tropical,Thalassoma lucasanum,GBIF:2384480,Thalassoma lucasanum,Chordata,Perciformes,Actinopterygii,Labridae,Thalassoma,lucasanum
40,15,8,9.5,-78,Tropical,Haemulon bonariense,GBIF:2382533,Haemulon bonariense,Chordata,Perciformes,Actinopterygii,Haemulidae,Haemulon,bonariense
41.8,11,55,9,-79.5,Tropical,Bufo marinus,GBIF:5216933,Bufo marinus,Chordata,Anura,Amphibia,Bufonidae,Rhinella,marinus
38.1,-2.2,55,16.75,-92.63,Tropical,Hyla walkeri,GBIF:10868868,Hyla walkeri,Chordata,Anura,Amphibia,Hylidae,Dryophytes,walkeri
42.5,5,55,22,-104.8,Tropical,Tlalocohyla smithii,GBIF:2428273,Tlalocohyla smithii,Chordata,Anura,Amphibia,Hylidae,Tlalocohyla,smithii
34.8,NA,NA,14.09,121.49,Tropical,Hylarana erythraea,GBIF:2426893,Hylarana erythraea,Chordata,Anura,Amphibia,Ranidae,Hylarana,erythraea
35.3,NA,NA,14.09,121.49,Tropical,Occidozyga laevis,GBIF:2430329,Occidozyga laevis,Chordata,Anura,Amphibia,Dicroglossidae,Occidozyga,laevis
32.9,NA,NA,14.09,121.49,Tropical,Platymantis dorsalis,GBIF:2421447,Platymantis dorsalis,Chordata,Anura,Amphibia,Ceratobatrachidae,Platymantis,dorsalis
NA,8,55,9.15,-79.85,Tropical,Craugastor fitzingeri,GBIF:2430621,Craugastor fitzingeri,Chordata,Anura,Amphibia,Craugastoridae,Craugastor,fitzingeri
NA,7.5,55,15,-90.6,Tropical,Scinax staufferi,GBIF:5217933,Scinax staufferi,Chordata,Anura,Amphibia,Hylidae,Scinax,staufferi
31,23,2,9.34,-66.08,Tropical,Aulacorhynchus sulcatus,GBIF:5229028,Aulacorhynchus sulcatus,Chordata,Piciformes,Aves,Ramphastidae,Aulacorhynchus,sulcatus
29,20,5,18.23,-77.62,Tropical,Trochilus scitulus,GBIF:5228505,Trochilus scitulus,Chordata,Apodiformes,Aves,Trochilidae,Trochilus,scitulus
39,30,8,4.53,114.56,Tropical,Lonchura fuscans,GBIF:2493619,Lonchura fuscans,Chordata,Passeriformes,Aves,Estrildidae,Lonchura,fuscans
NA,23,2,23.38,-101.37,Tropical,Aulacorhynchus prasinus,GBIF:5229012,Aulacorhynchus prasinus,Chordata,Piciformes,Aves,Ramphastidae,Aulacorhynchus,prasinus
NA,25,3,0.27,30.26,Tropical,Nectarinia kilimensis,GBIF:5229993,Nectarinia kilimensis,Chordata,Passeriformes,Aves,Nectariniidae,Nectarinia,kilimensis
45.25,NA,NA,4.05,114.81,Tropical,Anoplolepis gracilipes,GBIF:1317433,Anoplolepis gracilipes,Arthropoda,Hymenoptera,Insecta,Formicidae,Anoplolepis,gracilipes
45.63,NA,NA,4.05,114.81,Tropical,Dolichoderus beccarii,GBIF:5034989,Dolichoderus beccarii,Arthropoda,Hymenoptera,Insecta,Formicidae,Dolichoderus,beccarii
42,NA,NA,4.05,114.81,Tropical,Pachycondyla tridentata,GBIF:1319948,Pachycondyla tridentata,Arthropoda,Hymenoptera,Insecta,Formicidae,Pachycondyla,tridentata
45.6,NA,14,9.16,-79.83,Tropical,Erythemis credula,GBIF:1429337,Erythemis credula,Arthropoda,Odonata,Insecta,Libellulidae,Erythemis,credula
44.7,NA,14,9.16,-79.83,Tropical,Micrathyria eximia,GBIF:1427609,Micrathyria eximia,Arthropoda,Odonata,Insecta,Libellulidae,Micrathyria,eximia
46.3,NA,10,9.16,-79.83,Tropical,Tramea walkeri,GBIF:1428506,Tramea walkeri,Arthropoda,Odonata,Insecta,Libellulidae,Tramea,walkeri
NA,-18,13,20.15,-155.49,Tropical,Nysius wekiuicola,GBIF:2007772,Nysius wekiuicola,Arthropoda,Hemiptera,Insecta,Lygaeidae,Nysius,wekiuicola
35.7,NA,8,9.16,-79.84,Tropical,Anolis frenatus,GBIF:2467445,Anolis frenatus,Chordata,Squamata,Reptilia,Dactyloidae,Anolis,frenatus
41.8,NA,6,18.37,-114.74,Tropical,Urosaurus clarionensis,GBIF:2451544,Urosaurus clarionensis,Chordata,Squamata,Reptilia,Phrynosomatidae,Urosaurus,clarionensis
38.9,NA,9,18.27,-65.91,Tropical,Anolis evermanni,GBIF:9424209,Anolis evermanni,Chordata,Squamata,Reptilia,Dactyloidae,Anolis,evermanni
40.5,NA,NA,19.12,-70.63,Tropical,Anolis marcanoi,GBIF:2467336,Anolis marcanoi,Chordata,Squamata,Reptilia,Dactyloidae,Anolis,marcanoi
35.9,NA,7,14.64,-61.02,Tropical,Anolis roquet,GBIF:2467197,Anolis roquet,Chordata,Squamata,Reptilia,Dactyloidae,Anolis,roquet
35.7,6.3,10,18.29,-66.79,Tropical,Anolis gundlachi,GBIF:2467411,Anolis gundlachi,Chordata,Squamata,Reptilia,Dactyloidae,Anolis,gundlachi
36.3,10.4,NA,18.37,-65.72,Tropical,Sphaerodactylus klauberi,GBIF:2445297,Sphaerodactylus klauberi,Chordata,Squamata,Reptilia,Sphaerodactylidae,Sphaerodactylus,klauberi
42.1,11.4,NA,18.33,-65.65,Tropical,Sphaerodactylus townsendi,GBIF:2445401,Sphaerodactylus townsendi,Chordata,Squamata,Reptilia,Sphaerodactylidae,Sphaerodactylus,townsendi
34.6,NA,NA,14.09,121.49,Tropical,Cyrtodactylus philippinicus,GBIF:5960166,Cyrtodactylus philippinicus,Chordata,Squamata,Reptilia,Gekkonidae,Cyrtodactylus,philippinicus
37,NA,NA,14.09,121.49,Tropical,Pinoyscincus jagori,GBIF:7744369,Pinoyscincus jagori,Chordata,Squamata,Reptilia,Scincidae,Pinoyscincus,jagori
37.3,12.9,9,10.42,-84.02,Tropical,Anolis lemurinus,GBIF:8186516,Anolis lemurinus,Chordata,Squamata,Reptilia,Dactyloidae,Anolis,lemurinus
43.7,15.5,20,10.5,-84,Tropical,Ameiva festiva,GBIF:7836710,Ameiva festiva,Chordata,Squamata,Reptilia,Teiidae,Holcosus,festiva
NA,6.1,23,20.25,-103,Tropical,Thamnophis melanogaster,GBIF:2457500,Thamnophis melanogaster,Chordata,Squamata,Reptilia,Colubridae,Thamnophis,melanogaster
40,NA,8,9.5,-78,Tropical,Armases ricordi,GBIF:2225745,Armases ricordi,Arthropoda,Decapoda,Malacostraca,Sesarmidae,Armases,ricordi
37,31.5,9,11.47,-70.14,Tropical,Glossophaga longirostris,GBIF:2433192,Glossophaga longirostris,Chordata,Chiroptera,Mammalia,Phyllostomidae,Glossophaga,longirostris
35,28,27,11.47,-70.14,Tropical,Natalus tumidirostris,GBIF:2432753,Natalus tumidirostris,Chordata,Chiroptera,Mammalia,Natalidae,Natalus,tumidirostris
33.4,29.2,12,8.7,-71.4,Tropical,Myotis keaysi,GBIF:2432420,Myotis keaysi,Chordata,Chiroptera,Mammalia,Vespertilionidae,Myotis,keaysi
35,26.36,4,9.08,-79.42,Tropical,Caluromys derbianus,GBIF:2439992,Caluromys derbianus,Chordata,Didelphimorphia,Mammalia,Didelphidae,Caluromys,derbianus
34.5,26.74,5,15.52,100.59,Tropical,Cannomys badius,GBIF:2438494,Cannomys badius,Chordata,Rodentia,Mammalia,Spalacidae,Cannomys,badius
32,29,7,3.86,114.43,Tropical,Hipposideros galeritus,GBIF:5218606,Hipposideros galeritus,Chordata,Chiroptera,Mammalia,Hipposideridae,Hipposideros,galeritus
37,24,1,21.07384,-80.0668,Tropical,Capromys pilorides,GBIF:2437653,Capromys pilorides,Chordata,Rodentia,Mammalia,Capromyidae,Capromys,pilorides
35,31,39,18.39,-67.15,Tropical,Monophyllus redmani,GBIF:2433240,Monophyllus redmani,Chordata,Chiroptera,Mammalia,Phyllostomidae,Monophyllus,redmani
35,27.5,6,23.07,104.03,Tropical,Nycticebus pygmaeus,GBIF:2436628,Nycticebus pygmaeus,Chordata,Primates,Mammalia,Lorisidae,Nycticebus,pygmaeus
NA,30.5,15,11.47,-70.14,Tropical,Leptonycteris curasoae,GBIF:2433316,Leptonycteris curasoae,Chordata,Chiroptera,Mammalia,Phyllostomidae,Leptonycteris,curasoae
NA,34,12,10.1,-63.3,Tropical,Pteronotus personatus,GBIF:5218619,Pteronotus personatus,Chordata,Chiroptera,Mammalia,Mormoopidae,Pteronotus,personatus
NA,28.76,2,10.42,-70.57,Tropical,Monodelphis brevicaudata,GBIF:2439971,Monodelphis brevicaudata,Chordata,Didelphimorphia,Mammalia,Didelphidae,Monodelphis,brevicaudata
NA,19,3,9.1,-79.7,Tropical,Tamandua mexicana,GBIF:2436335,Tamandua mexicana,Chordata,Pilosa,Mammalia,Myrmecophagidae,Tamandua,mexicana
NA,30,52,18.39,-67.15,Tropical,Mormoops blainvillei,GBIF:4265453,Mormoops blainvillei,Chordata,Chiroptera,Mammalia,Mormoopidae,Mormoops,blainvillei
NA,30,52,18.39,-67.15,Tropical,Mormoops blainvillei,GBIF:4265453,Mormoops blainvillei,Chordata,Chiroptera,Mammalia,Mormoopidae,Mormoops,blainvillei
NA,30,52,18.39,-67.15,Tropical,Mormoops blainvillei,GBIF:4265453,Mormoops blainvillei,Chordata,Chiroptera,Mammalia,Mormoopidae,Mormoops,blainvillei
NA,30,52,18.39,-67.15,Tropical,Mormoops blainvillei,GBIF:4265453,Mormoops blainvillei,Chordata,Chiroptera,Mammalia,Mormoopidae,Mormoops,blainvillei
NA,30,52,18.39,-67.15,Tropical,Mormoops blainvillei,GBIF:4265453,Mormoops blainvillei,Chordata,Chiroptera,Mammalia,Mormoopidae,Mormoops,blainvillei
NA,30,52,18.39,-67.15,Tropical,Mormoops blainvillei,GBIF:4265453,Mormoops blainvillei,Chordata,Chiroptera,Mammalia,Mormoopidae,Mormoops,blainvillei
NA,30,52,18.39,-67.15,Tropical,Mormoops blainvillei,GBIF:4265453,Mormoops blainvillei,Chordata,Chiroptera,Mammalia,Mormoopidae,Mormoops,blainvillei
NA,30,52,18.39,-67.15,Tropical,Mormoops blainvillei,GBIF:4265453,Mormoops blainvillei,Chordata,Chiroptera,Mammalia,Mormoopidae,Mormoops,blainvillei
NA,20,1,9.1,-79.8,Tropical,Callithrix geoffroyi,GBIF:5219539,Callithrix geoffroyi,Chordata,Primates,Mammalia,Callitrichidae,Callithrix,geoffroyi
NA,27.5,11,6.81,-5.26,Tropical,Crocidura olivieri,GBIF:2435579,Crocidura olivieri,Chordata,Soricomorpha,Mammalia,Soricidae,Crocidura,olivieri
NA,20,2,20.8,40.8,Tropical,Vulpes cana,GBIF:5219235,Vulpes cana,Chordata,Carnivora,Mammalia,Canidae,Vulpes,cana
23.2,-0.7,NA,52,-128.9,Temperate,Oncorhynchus keta,GBIF:5204014,Oncorhynchus keta,Chordata,Salmoniformes,Actinopterygii,Salmonidae,Oncorhynchus,keta
40.5,NA,20,37.16,-76.5,Temperate,Fundulus heteroclitus,GBIF:5712056,Fundulus heteroclitus,Chordata,Cyprinodontiformes,Actinopterygii,Fundulidae,Fundulus,heteroclitus
35.1,NA,12,33,-111,Temperate,Catostomus clarkii,GBIF:2359050,Catostomus clarkii,Chordata,Cypriniformes,Actinopterygii,Catostomidae,Catostomus,clarkii
36.6,NA,12,33,-111,Temperate,Gila robusta,GBIF:2360128,Gila robusta,Chordata,Cypriniformes,Actinopterygii,Cyprinidae,Gila,robusta
32.6,NA,NA,42.5,-122,Temperate,Catostomus snyderi,GBIF:2359035,Catostomus snyderi,Chordata,Cypriniformes,Actinopterygii,Catostomidae,Catostomus,snyderi
34.5,5.3,12,34,-120.8,Temperate,Girella nigricans,GBIF:2381219,Girella nigricans,Chordata,Perciformes,Actinopterygii,Kyphosidae,Girella,nigricans
34.6,NA,10,34.4,-118.5,Temperate,Gasterosteus aculeatus,GBIF:4286327,Gasterosteus aculeatus,Chordata,Gasterosteiformes,Actinopterygii,Gasterosteidae,Gasterosteus,aculeatus
32.3,NA,6,36,-94,Temperate,Notropis pilsbryi,GBIF:2366961,Notropis pilsbryi,Chordata,Cypriniformes,Actinopterygii,Cyprinidae,Luxilus,pilsbryi
32.5,1.5,NA,40,-74,Temperate,Menidia menidia,GBIF:2412304,Menidia menidia,Chordata,Atheriniformes,Actinopterygii,Atherinopsidae,Menidia,menidia
32.2,NA,NA,43,-78.5,Temperate,Etheostoma blennioides,GBIF:2382397,Etheostoma blennioides,Chordata,Perciformes,Actinopterygii,Percidae,Etheostoma,blennioides
29.4,NA,NA,33.9,-110.2,Temperate,Oncorhynchus apache,GBIF:5204012,Oncorhynchus apache,Chordata,Salmoniformes,Actinopterygii,Salmonidae,Oncorhynchus,apache
29.8,NA,NA,34.2,-96.6,Temperate,Campostoma anomalum,GBIF:2361357,Campostoma anomalum,Chordata,Cypriniformes,Actinopterygii,Cyprinidae,Campostoma,anomalum
31.32,NA,NA,34.2,-96.6,Temperate,Ictalurus punctatus,GBIF:5202520,Ictalurus punctatus,Chordata,Siluriformes,Actinopterygii,Ictaluridae,Ictalurus,punctatus
30.87,NA,NA,34.2,-96.6,Temperate,Lepomis megalotis,GBIF:2394510,Lepomis megalotis,Chordata,Perciformes,Actinopterygii,Centrarchidae,Lepomis,megalotis
30.76,NA,NA,34.2,-96.6,Temperate,Micropterus punctulatus,GBIF:5211245,Micropterus punctulatus,Chordata,Perciformes,Actinopterygii,Centrarchidae,Micropterus,punctulatus
30.45,NA,NA,34.2,-96.6,Temperate,Phenacobius mirabilis,GBIF:2363799,Phenacobius mirabilis,Chordata,Cypriniformes,Actinopterygii,Cyprinidae,Phenacobius,mirabilis
34.1,NA,18,38,-9,Temperate,Gobius niger,GBIF:2375526,Gobius niger,Chordata,Perciformes,Actinopterygii,Gobiidae,Gobius,niger
33.8,NA,9,38,-9,Temperate,Lipophrys trigloides,GBIF:2395404,Lipophrys trigloides,Chordata,Perciformes,Actinopterygii,Blenniidae,Lipophrys,trigloides
29,NA,NA,33.5,-82,Temperate,Notropis cummingsae,GBIF:2362208,Notropis cummingsae,Chordata,Cypriniformes,Actinopterygii,Cyprinidae,Notropis,cummingsae
37,NA,10,40,-83,Temperate,Ericymba buccata,GBIF:2362253,Ericymba buccata,Chordata,Cypriniformes,Actinopterygii,Cyprinidae,Notropis,buccata
39.3,NA,10,32,-97,Temperate,Pimephales vigilax,GBIF:2367733,Pimephales vigilax,Chordata,Cypriniformes,Actinopterygii,Cyprinidae,Pimephales,vigilax
37.9,NA,7,39.5,-91.5,Temperate,Ameiurus natalis,GBIF:2340969,Ameiurus natalis,Chordata,Siluriformes,Actinopterygii,Ictaluridae,Ameiurus,natalis
36.4,NA,7,39.5,-91.5,Temperate,Etheostoma nigrum,GBIF:2382319,Etheostoma nigrum,Chordata,Perciformes,Actinopterygii,Percidae,Etheostoma,nigrum
36,NA,8,39,-93,Temperate,Labidesthes sicculus,GBIF:2412271,Labidesthes sicculus,Chordata,Atheriniformes,Actinopterygii,Atherinopsidae,Labidesthes,sicculus
36.2,NA,12,39,-93,Temperate,Lythrurus umbratilis,GBIF:2366052,Lythrurus umbratilis,Chordata,Cypriniformes,Actinopterygii,Cyprinidae,Lythrurus,umbratilis
35.3,NA,7,39,-93,Temperate,Notropis rubellus,GBIF:2362326,Notropis rubellus,Chordata,Cypriniformes,Actinopterygii,Cyprinidae,Notropis,rubellus
36.5,NA,8,39.5,-91.5,Temperate,Pimephales promelas,GBIF:2367742,Pimephales promelas,Chordata,Cypriniformes,Actinopterygii,Cyprinidae,Pimephales,promelas
30,6,NA,34.9,138.6,Temperate,Sardinops melanosticta,GBIF:2412583,Sardinops melanosticta,Chordata,Clupeiformes,Actinopterygii,Clupeidae,Sardinops,melanosticta
26.7,NA,45,54.5,10.2,Temperate,Zoarces viviparus,GBIF:2381013,Zoarces viviparus,Chordata,Perciformes,Actinopterygii,Zoarcidae,Zoarces,viviparus
38,-2,55,38,-119.3,Temperate,Bufo canorus,GBIF:2422932,Bufo canorus,Chordata,Anura,Amphibia,Bufonidae,Anaxyrus,canorus
39.9,5,55,27,-109.7,Temperate,Bufo mazatlanensis,GBIF:2422375,Bufo mazatlanensis,Chordata,Anura,Amphibia,Bufonidae,Incilius,mazatlanensis
28.8,2.5,55,24,-106.9,Temperate,Pachymedusa dacnicolor,GBIF:10807070,Pachymedusa dacnicolor,Chordata,Anura,Amphibia,Phyllomedusidae,Agalychnis,dacnicolor
33.6,-1,55,40,-120.8,Temperate,Rana cascadae,GBIF:2426771,Rana cascadae,Chordata,Anura,Amphibia,Ranidae,Rana,cascadae
31.3,NA,55,40.74,-73.95,Temperate,Rana palustris,GBIF:2426789,Rana palustris,Chordata,Anura,Amphibia,Ranidae,Rana,palustris
35,NA,NA,44.9,-117.22,Temperate,Ambystoma macrodactylum,GBIF:2431965,Ambystoma macrodactylum,Chordata,Caudata,Amphibia,Ambystomatidae,Ambystoma,macrodactylum
38,NA,NA,32.97,-116.74,Temperate,Taricha torosa,GBIF:2431913,Taricha torosa,Chordata,Caudata,Amphibia,Salamandridae,Taricha,torosa
37.2,NA,15,36.11,-94.33,Temperate,Eurycea lucifuga,GBIF:5218351,Eurycea lucifuga,Chordata,Caudata,Amphibia,Plethodontidae,Eurycea,lucifuga
37.3,NA,10,37.4,-80.5,Temperate,Notophthalmus viridescens,GBIF:5218390,Notophthalmus viridescens,Chordata,Caudata,Amphibia,Salamandridae,Notophthalmus,viridescens
NA,2.8,5,29.95,-90.08,Temperate,Hyla phaeota,GBIF:2428683,Hyla phaeota,Chordata,Anura,Amphibia,Hylidae,Smilisca,phaeota
NA,5.1,NA,32.6,-85.3,Temperate,Hyla gratiosa,GBIF:10740745,Hyla gratiosa,Chordata,Anura,Amphibia,Hylidae,Dryophytes,gratiosa
42.1,-7.4,15,55.4,14.19,Temperate,Clubiona trivialis,GBIF:2144170,Clubiona trivialis,Arthropoda,Araneae,Arachnida,Clubionidae,Clubiona,trivialis
39.7,-7.2,5,55.4,14.19,Temperate,Pardosa nigriceps,GBIF:2146194,Pardosa nigriceps,Arthropoda,Araneae,Arachnida,Lycosidae,Pardosa,nigriceps
42.8,-13,17,55.4,14.19,Temperate,Tibellus oblongus,GBIF:9805173,Tibellus oblongus,Arthropoda,Araneae,Arachnida,Philodromidae,Tibellus,oblongus
45.1,-1.4,5,40.5,-74.5,Temperate,Misumenops asperatus,GBIF:6717741,Misumenops asperatus,Arthropoda,Araneae,Arachnida,Thomisidae,Mecaphesa,asperatus
34,20,13,56,10.2,Temperate,Fulica atra,GBIF:2474377,Fulica atra,Chordata,Gruiformes,Aves,Rallidae,Fulica,atra
37,25,28,32.5,-115.34,Temperate,Athene cunicularia,GBIF:2497240,Athene cunicularia,Chordata,Strigiformes,Aves,Strigidae,Athene,cunicularia
32.5,22.5,2,28.37,-81.22,Temperate,Tyto alba,GBIF:2497921,Tyto alba,Chordata,Strigiformes,Aves,Tytonidae,Tyto,alba
33.5,13.5,12,42.87,-112.26,Temperate,Pica nuttalli,GBIF:5229489,Pica nuttalli,Chordata,Passeriformes,Aves,Corvidae,Pica,nuttalli
37.5,27.5,15,34.07,-118.47,Temperate,Callipepla californica,GBIF:5228080,Callipepla californica,Chordata,Galliformes,Aves,Odontophoridae,Callipepla,californica
37,25,8,42.78,-97,Temperate,Caprimulgus vociferus,GBIF:6101174,Caprimulgus vociferus,Chordata,Caprimulgiformes,Aves,Caprimulgidae,Antrostomus,vociferus
38,33,7,31.93,-109.38,Temperate,Micrathene whitneyi,GBIF:2497430,Micrathene whitneyi,Chordata,Strigiformes,Aves,Strigidae,Micrathene,whitneyi
32.5,25,8,27.29,120.51,Temperate,Acridotheres cristatellus,GBIF:2489010,Acridotheres cristatellus,Chordata,Passeriformes,Aves,Sturnidae,Acridotheres,cristatellus
34,12.4,11,33.71,-117.61,Temperate,Aphelocoma coerulescens,GBIF:2482400,Aphelocoma coerulescens,Chordata,Passeriformes,Aves,Corvidae,Aphelocoma,coerulescens
38,28,19,46.51,-114,Temperate,Sitta canadensis,GBIF:2484879,Sitta canadensis,Chordata,Passeriformes,Aves,Sittidae,Sitta,canadensis
37.5,27.6,14,52.52,6.2,Temperate,Lullula arborea,GBIF:2490604,Lullula arborea,Chordata,Passeriformes,Aves,Alaudidae,Lullula,arborea
36,NA,8,38.33,-119.64,Temperate,Amphispiza bilineata,GBIF:2491757,Amphispiza bilineata,Chordata,Passeriformes,Aves,Emberizidae,Amphispiza,bilineata
NA,16,2,63,10,Temperate,Strix aluco,GBIF:9282206,Strix aluco,Chordata,Strigiformes,Aves,Strigidae,Strix,aluco
NA,6,1,61.52,-166.1,Temperate,Branta bernicla,GBIF:5232446,Branta bernicla,Chordata,Anseriformes,Aves,Anatidae,Branta,bernicla
NA,29,7,30.37,69.34,Temperate,Chlamydotis undulata,GBIF:2474864,Chlamydotis undulata,Chordata,Otidiformes,Aves,Otididae,Chlamydotis,undulata
30.5,-8.2,20,55.75,-4.9,Temperate,Mytilus edulis,GBIF:8288896,Mytilus edulis,Mollusca,Mytilida,Bivalvia,Mytilidae,Mytilus,edulis
30,NA,8,56,-159,Temperate,Branchinecta paludosa,GBIF:2235350,Branchinecta paludosa,Arthropoda,Anostraca,Branchiopoda,Branchinectidae,Branchinecta,paludosa
NA,-7.7,12,47,10.5,Temperate,Tetracanthella afurcata,GBIF:2119783,Tetracanthella afurcata,Arthropoda,Poduromorpha,Collembola,Isotomidae,Tetracanthella,afurcata
35.3,-13,20,55.75,-4.9,Temperate,Littorina littorea,GBIF:2301117,Littorina littorea,Mollusca,Littorinimorpha,Gastropoda,Littorinidae,Littorina,littorea
25.5,-7.4,20,55.75,-4.9,Temperate,Tectura testudinalis,GBIF:4369953,Tectura testudinalis,Mollusca,Patellogastropoda,Gastropoda,Lottiidae,Testudinalia,testudinalis
34.7,NA,2775,43,-77.6,Temperate,Drosophila putrida,GBIF:5073889,Drosophila putrida,Arthropoda,Diptera,Insecta,Drosophilidae,Drosophila,putrida
44.5,-6.8,25,37.5,-1.9,Temperate,Agabus ramblae,GBIF:4469855,Agabus ramblae,Arthropoda,Coleoptera,Insecta,Dytiscidae,Agabus,ramblae
50,NA,20,41.3,2.09,Temperate,Cataglyphis cursor,GBIF:1319643,Cataglyphis cursor,Arthropoda,Hymenoptera,Insecta,Formicidae,Cataglyphis,cursor
48,NA,20,41.3,2.09,Temperate,Plagiolepis pygmaea,GBIF:1320777,Plagiolepis pygmaea,Arthropoda,Hymenoptera,Insecta,Formicidae,Plagiolepis,pygmaea
40,NA,NA,35.78,-78.8,Temperate,Amblyopone pallipes,GBIF:1327414,Amblyopone pallipes,Arthropoda,Hymenoptera,Insecta,Formicidae,Amblyopone,pallipes
40.36,NA,NA,36.04,-79.07,Temperate,Aphaenogaster rudis,GBIF:9991963,Aphaenogaster rudis,Arthropoda,Hymenoptera,Insecta,Formicidae,Aphaenogaster,rudis
44,NA,NA,36.04,-79.07,Temperate,Camponotus chromaiodes,GBIF:5034296,Camponotus chromaiodes,Arthropoda,Hymenoptera,Insecta,Formicidae,Camponotus,chromaiodes
43.25,NA,NA,36.04,-79.07,Temperate,Crematogaster lineolata,GBIF:1325146,Crematogaster lineolata,Arthropoda,Hymenoptera,Insecta,Formicidae,Crematogaster,lineolata
40.93,NA,NA,38.57,-106.59,Temperate,Formica obscuripes,GBIF:1314869,Formica obscuripes,Arthropoda,Hymenoptera,Insecta,Formicidae,Formica,obscuripes
41,NA,NA,38.57,-106.59,Temperate,Formica sanguinea,GBIF:1315006,Formica sanguinea,Arthropoda,Hymenoptera,Insecta,Formicidae,Formica,sanguinea
38,NA,NA,42.51,-72.21,Temperate,Lasius alienus,GBIF:5035777,Lasius alienus,Arthropoda,Hymenoptera,Insecta,Formicidae,Lasius,alienus
46.5,NA,NA,35.77,-78.68,Temperate,Monomorium minimum,GBIF:1314580,Monomorium minimum,Arthropoda,Hymenoptera,Insecta,Formicidae,Monomorium,minimum
39,NA,NA,35.72,-78.69,Temperate,Pachycondyla chinensis,GBIF:1319870,Pachycondyla chinensis,Arthropoda,Hymenoptera,Insecta,Formicidae,Pachycondyla,chinensis
44,NA,NA,42.51,-72.21,Temperate,Protomognathus americanus,GBIF:1323090,Protomognathus americanus,Arthropoda,Hymenoptera,Insecta,Formicidae,Protomognathus,americanus
40,NA,NA,36.04,-79.07,Temperate,Stenamma impar,GBIF:1316649,Stenamma impar,Arthropoda,Hymenoptera,Insecta,Formicidae,Stenamma,impar
43,NA,NA,42.51,-72.21,Temperate,Temnothorax longispinosus,GBIF:9840903,Temnothorax longispinosus,Arthropoda,Hymenoptera,Insecta,Formicidae,Temnothorax,longispinosus
50.4,NA,27,37.2,-3.6,Temperate,Proformica ferreri,GBIF:1321620,Proformica ferreri,Arthropoda,Hymenoptera,Insecta,Formicidae,Proformica,ferreri
46.8,NA,36,47.3,8.7,Temperate,Formica polyctena,GBIF:1315169,Formica polyctena,Arthropoda,Hymenoptera,Insecta,Formicidae,Formica,polyctena
46.1,12,20,36.68,-108.31,Temperate,Myrmecocystus romainei,GBIF:1316765,Myrmecocystus romainei,Arthropoda,Hymenoptera,Insecta,Formicidae,Myrmecocystus,romainei
33.5,7.1,40,24.3,123.8,Temperate,Drosophila bipectinata,GBIF:5074478,Drosophila bipectinata,Arthropoda,Diptera,Insecta,Drosophilidae,Drosophila,bipectinata
32.6,-4.5,40,43.1,141.4,Temperate,Drosophila curvispina,GBIF:5073768,Drosophila curvispina,Arthropoda,Diptera,Insecta,Drosophilidae,Drosophila,curvispina
35.4,-5.5,40,43.1,141.4,Temperate,Drosophila kanekoi,GBIF:5074655,Drosophila kanekoi,Arthropoda,Diptera,Insecta,Drosophilidae,Drosophila,kanekoi
34.3,-4.5,40,43.1,141.4,Temperate,Drosophila nigromaculata,GBIF:5073872,Drosophila nigromaculata,Arthropoda,Diptera,Insecta,Drosophilidae,Drosophila,nigromaculata
32.9,0.6,40,35.5,139.7,Temperate,Drosophila rufa,GBIF:5073878,Drosophila rufa,Arthropoda,Diptera,Insecta,Drosophilidae,Drosophila,rufa
32.3,-3.5,40,43.1,141.4,Temperate,Drosophila unispina,GBIF:5073416,Drosophila unispina,Arthropoda,Diptera,Insecta,Drosophilidae,Drosophila,unispina
34.2,8.3,40,24.3,123.8,Temperate,Scaptodrosophila dorsocentralis,GBIF:1561668,Scaptodrosophila dorsocentralis,Arthropoda,Diptera,Insecta,Drosophilidae,Scaptodrosophila,dorsocentralis
45.6,NA,10,29.6,-82.3,Temperate,Anax junius,GBIF:5051741,Anax junius,Arthropoda,Odonata,Insecta,Aeshnidae,Anax,junius
37.2,NA,25,37.18,-118.28,Temperate,Chrysomela aeneicollis,GBIF:1048763,Chrysomela aeneicollis,Arthropoda,Coleoptera,Insecta,Chrysomelidae,Chrysomela,aeneicollis
45.2,5.2,8,35.65,-106.77,Temperate,Formica perpilosa,GBIF:1314949,Formica perpilosa,Arthropoda,Hymenoptera,Insecta,Formicidae,Formica,perpilosa
NA,-16,8,42.5,-78.7,Temperate,Parcoblatta pennsylvanica,GBIF:1997497,Parcoblatta pennsylvanica,Arthropoda,Blattodea,Insecta,Ectobiidae,Parcoblatta,pennsylvanica
NA,-3.8,2,60.6,7.5,Temperate,Calathus melanocephalus,GBIF:4988354,Calathus melanocephalus,Arthropoda,Coleoptera,Insecta,Carabidae,Calathus,melanocephalus
43.5,7,13,40.55,-3.78,Temperate,Psammodromus algirus,GBIF:2469763,Psammodromus algirus,Chordata,Squamata,Reptilia,Lacertidae,Psammodromus,algirus
43.6,NA,11,42.65,-5.72,Temperate,Lacerta monticola,GBIF:2468511,Lacerta monticola,Chordata,Squamata,Reptilia,Lacertidae,Iberolacerta,monticola
44.2,5.9,15,40.41,-5.06,Temperate,Podarcis muralis,GBIF:2469188,Podarcis muralis,Chordata,Squamata,Reptilia,Lacertidae,Podarcis,muralis
42,NA,NA,34.74,-115.66,Temperate,Crotalus scutulatus,GBIF:2444480,Crotalus scutulatus,Chordata,Squamata,Reptilia,Viperidae,Crotalus,scutulatus
42.5,NA,2,38.65,-122.67,Temperate,Lampropeltis zonata,GBIF:5224449,Lampropeltis zonata,Chordata,Squamata,Reptilia,Colubridae,Lampropeltis,zonata
41.3,NA,1,45.67,-118.79,Temperate,Plestiodon skiltonianus,GBIF:5960558,Plestiodon skiltonianus,Chordata,Squamata,Reptilia,Scincidae,Plestiodon,skiltonianus
44.2,NA,NA,28.08,-81.79,Temperate,Sceloporus woodi,GBIF:2451213,Sceloporus woodi,Chordata,Squamata,Reptilia,Phrynosomatidae,Sceloporus,woodi
46.5,NA,3,31.85,-106.48,Temperate,Crotaphytus collaris,GBIF:2470616,Crotaphytus collaris,Chordata,Squamata,Reptilia,Crotaphytidae,Crotaphytus,collaris
41.8,NA,6,35.7,-116.34,Temperate,Arizona elegans,GBIF:5223735,Arizona elegans,Chordata,Squamata,Reptilia,Colubridae,Arizona,elegans
46.7,NA,NA,35.7,-116.34,Temperate,Phrynosoma coronatum,GBIF:5222429,Phrynosoma coronatum,Chordata,Squamata,Reptilia,Phrynosomatidae,Phrynosoma,coronatum
43.5,NA,3,34.26,-118.78,Temperate,Coluber flagellum,GBIF:8433585,Coluber flagellum,Chordata,Squamata,Reptilia,Colubridae,Masticophis,flagellum
43.9,1.9,6,49.88,17.2,Temperate,Zootoca vivipara,GBIF:9702100,Zootoca vivipara,Chordata,Squamata,Reptilia,Lacertidae,Zootoca,vivipara
43.5,2.5,31,24.17,121.3,Temperate,Takydromus hsuehshanensis,GBIF:2468584,Takydromus hsuehshanensis,Chordata,Squamata,Reptilia,Lacertidae,Takydromus,hsuehshanensis
37.7,4.7,28,23.53,120.8,Temperate,Trimeresurus gracilis,GBIF:5960927,Trimeresurus gracilis,Chordata,Squamata,Reptilia,Viperidae,Trimeresurus,gracilis
41.1,10.5,9,29.18,-102.96,Temperate,Hemidactylus turcicus,GBIF:5221528,Hemidactylus turcicus,Chordata,Squamata,Reptilia,Gekkonidae,Hemidactylus,turcicus
41.1,9,NA,41.45,106.98,Temperate,Eremias multiocellata,GBIF:2468881,Eremias multiocellata,Chordata,Squamata,Reptilia,Lacertidae,Eremias,multiocellata
34.9,NA,NA,33.04,-116.87,Temperate,Xantusia henshawi,GBIF:2451721,Xantusia henshawi,Chordata,Squamata,Reptilia,Xantusiidae,Xantusia,henshawi
51,NA,10,33.96,-96.76,Temperate,Cnemidophorus sexlineatus,GBIF:2472425,Cnemidophorus sexlineatus,Chordata,Squamata,Reptilia,Teiidae,Aspidoscelis,sexlineatus
38.9,4.2,10,44.56,-123.26,Temperate,Thamnophis ordinoides,GBIF:2457636,Thamnophis ordinoides,Chordata,Squamata,Reptilia,Colubridae,Thamnophis,ordinoides
44.1,4.8,18,33.96,-116.24,Temperate,Sceloporus occidentalis,GBIF:2451234,Sceloporus occidentalis,Chordata,Squamata,Reptilia,Phrynosomatidae,Sceloporus,occidentalis
43.6,3.4,15,33.6,117.02,Temperate,Eremias brenchleyi,GBIF:2468876,Eremias brenchleyi,Chordata,Squamata,Reptilia,Lacertidae,Eremias,brenchleyi
NA,8.9,11,40.17,94.68,Temperate,Teratoscincus przewalskii,GBIF:2447102,Teratoscincus przewalskii,Chordata,Squamata,Reptilia,Sphaerodactylidae,Teratoscincus,przewalskii
39,0.5,NA,39.4,-84.6,Temperate,Orconectes rusticus,GBIF:8979506,Orconectes rusticus,Arthropoda,Decapoda,Malacostraca,Cambaridae,Faxonius,rusticus
35.7,NA,26,38,-9,Temperate,Pachygrapsus marmoratus,GBIF:2225815,Pachygrapsus marmoratus,Arthropoda,Decapoda,Malacostraca,Grapsidae,Pachygrapsus,marmoratus
33.6,3.5,30,48.8,-125.1,Temperate,Hemigrapsus nudus,GBIF:2225773,Hemigrapsus nudus,Arthropoda,Decapoda,Malacostraca,Varunidae,Hemigrapsus,nudus
34.8,NA,7,32.85,-117.25,Temperate,Petrolisthes cabrilloi,GBIF:2222719,Petrolisthes cabrilloi,Arthropoda,Decapoda,Malacostraca,Porcellanidae,Petrolisthes,cabrilloi
39.3,4.5,7,31,-114.34,Temperate,Petrolisthes hirtipes,GBIF:5862875,Petrolisthes hirtipes,Arthropoda,Decapoda,Malacostraca,Porcellanidae,Petrolisthes,hirtipes
30,25,11,46.73,-117.18,Temperate,Microtus longicaudus,GBIF:2438621,Microtus longicaudus,Chordata,Rodentia,Mammalia,Cricetidae,Microtus,longicaudus
36,33,NA,35.21,-113.76,Temperate,Chaetodipus intermedius,GBIF:2439589,Chaetodipus intermedius,Chordata,Rodentia,Mammalia,Heteromyidae,Chaetodipus,intermedius
32,24.9,6,49.3,-123.1,Temperate,Neurotrichus gibbsii,GBIF:2436208,Neurotrichus gibbsii,Chordata,Soricomorpha,Mammalia,Talpidae,Neurotrichus,gibbsii
35,25,5,32.15,-111.1,Temperate,Lepus alleni,GBIF:2436708,Lepus alleni,Chordata,Lagomorpha,Mammalia,Leporidae,Lepus,alleni
34.5,27.5,11,42.5,-76.5,Temperate,Peromyscus leucopus,GBIF:2438019,Peromyscus leucopus,Chordata,Rodentia,Mammalia,Cricetidae,Peromyscus,leucopus
33,19,5,33.4,-111.5,Temperate,Vulpes macrotis,GBIF:5219311,Vulpes macrotis,Chordata,Carnivora,Mammalia,Canidae,Vulpes,macrotis
40,25,8,32.14,-110.55,Temperate,Sylvilagus audubonii,GBIF:2436910,Sylvilagus audubonii,Chordata,Lagomorpha,Mammalia,Leporidae,Sylvilagus,audubonii
25.5,17.5,8,41.6,-106.35,Temperate,Brachylagus idahoensis,GBIF:2436688,Brachylagus idahoensis,Chordata,Lagomorpha,Mammalia,Leporidae,Brachylagus,idahoensis
35.3,29.7,NA,29.4,-82.19,Temperate,Peromyscus gossypinus,GBIF:2437988,Peromyscus gossypinus,Chordata,Rodentia,Mammalia,Cricetidae,Peromyscus,gossypinus
36.5,30,85,36.2,-115.2,Temperate,Peromyscus eremicus,GBIF:2437981,Peromyscus eremicus,Chordata,Rodentia,Mammalia,Cricetidae,Peromyscus,eremicus
35,28.5,3,35.46,-119.49,Temperate,Dipodomys deserti,GBIF:2439535,Dipodomys deserti,Chordata,Rodentia,Mammalia,Heteromyidae,Dipodomys,deserti
33,25,11,42.7,-118.7,Temperate,Lemmiscus curtatus,GBIF:2438225,Lemmiscus curtatus,Chordata,Rodentia,Mammalia,Cricetidae,Lemmiscus,curtatus
34,25,5,29.79,-82.49,Temperate,Neofiber alleni,GBIF:2438050,Neofiber alleni,Chordata,Rodentia,Mammalia,Cricetidae,Neofiber,alleni
32,23.4,5,33.8,8.4,Temperate,Vulpes zerda,GBIF:5219310,Vulpes zerda,Chordata,Carnivora,Mammalia,Canidae,Vulpes,zerda
35,30,12,46.9,-112.1,Temperate,Cynomys ludovicianus,GBIF:2437232,Cynomys ludovicianus,Chordata,Rodentia,Mammalia,Sciuridae,Cynomys,ludovicianus
35,27.5,4,46.22,8.74,Temperate,Crocidura suaveolens,GBIF:2435687,Crocidura suaveolens,Chordata,Soricomorpha,Mammalia,Soricidae,Crocidura,suaveolens
32,28.5,7,42.45,-76.5,Temperate,Tamias striatus,GBIF:2437438,Tamias striatus,Chordata,Rodentia,Mammalia,Sciuridae,Tamias,striatus
34,26,9,38.96,-106.99,Temperate,Tamias minimus,GBIF:2437432,Tamias minimus,Chordata,Rodentia,Mammalia,Sciuridae,Tamias,minimus
36,25,NA,40.6,-105.05,Temperate,Microtus ochrogaster,GBIF:2438671,Microtus ochrogaster,Chordata,Rodentia,Mammalia,Cricetidae,Microtus,ochrogaster
NA,30,6,31.9,34.8,Temperate,Microtus guentheri,GBIF:2438628,Microtus guentheri,Chordata,Rodentia,Mammalia,Cricetidae,Microtus,guentheri
NA,32,25,34.6,-117.85,Temperate,Dipodomys merriami,GBIF:2439521,Dipodomys merriami,Chordata,Rodentia,Mammalia,Heteromyidae,Dipodomys,merriami
NA,28,6,33,35,Temperate,Apodemus mystacinus,GBIF:2437773,Apodemus mystacinus,Chordata,Rodentia,Mammalia,Muridae,Apodemus,mystacinus
NA,-12,2,61.41,-147.54,Temperate,Erethizon dorsatum,GBIF:6066824,Erethizon dorsatum,Chordata,Rodentia,Mammalia,Erethizontidae,Erethizon,dorsatum
NA,22,12,53.28,6.15,Temperate,Sorex minutus,GBIF:7571319,Sorex minutus,Chordata,Soricomorpha,Mammalia,Soricidae,Sorex,minutus
NA,23,6,40.7,-123.8,Temperate,Arborimus longicaudus,GBIF:2437931,Arborimus longicaudus,Chordata,Rodentia,Mammalia,Cricetidae,Arborimus,longicaudus
NA,15,12,50.29,-98.31,Temperate,Tamiasciurus hudsonicus,GBIF:2437282,Tamiasciurus hudsonicus,Chordata,Rodentia,Mammalia,Sciuridae,Tamiasciurus,hudsonicus
NA,26,8,32,34.8,Temperate,Erinaceus europaeus,GBIF:5219616,Erinaceus europaeus,Chordata,Erinaceomorpha,Mammalia,Erinaceidae,Erinaceus,europaeus
34.9,-14.6,20,55.75,-4.9,Temperate,Semibalanus balanoides,GBIF:2115784,Semibalanus balanoides,Arthropoda,Sessilia,Maxillopoda,Archaeobalanidae,Semibalanus,balanoides
21.1,NA,20,45.09,-66.96,Temperate,Clupea harengus,GBIF:8351946,Clupea harengus,Chordata,Clupeiformes,Actinopterygii,Clupeidae,Clupea,harengus
42,6,NA,40.88,17.15,Temperate,Testudo hermanni,GBIF:2441454,Testudo hermanni,Chordata,Testudines,Reptilia,Testudinidae,Testudo,hermanni
39.3,NA,NA,33,-120,Temperate,Gillichthys mirabilis,GBIF:2378639,Gillichthys mirabilis,Chordata,Perciformes,Actinopterygii,Gobiidae,Gillichthys,mirabilis
31.2,NA,NA,45,13,Temperate,Scorpaena porcus,GBIF:2334600,Scorpaena porcus,Chordata,Scorpaeniformes,Actinopterygii,Scorpaenidae,Scorpaena,porcus
